,5
time [s],surface elevation [m]
0,-2.7756e-15
0.01,-4.7184e-15
0.02,-7.494e-15
0.03,-1.138e-14
0.04,-1.6653e-14
0.05,-2.3703e-14
0.06,-3.2974e-14
0.07,-4.5075e-14
0.08,-6.0674e-14
0.09,-8.0547e-14
0.1,-1.0564e-13
0.11,-1.3711e-13
0.12,-1.763e-13
0.13,-2.2482e-13
0.14,-2.8461e-13
0.15,-3.5771e-13
0.16,-4.4675e-13
0.17,-5.5467e-13
0.18,-6.8495e-13
0.19,-8.4155e-13
0.2,-1.0291e-12
0.21,-1.2529e-12
0.22,-1.519e-12
0.23,-1.8343e-12
0.24,-2.207e-12
0.25,-2.646e-12
0.26,-3.1619e-12
0.27,-3.7663e-12
0.28,-4.4727e-12
0.29,-5.2964e-12
0.3,-6.2546e-12
0.31,-7.3666e-12
0.32,-8.6544e-12
0.33,-1.0143e-11
0.34,-1.1859e-11
0.35,-1.3835e-11
0.36,-1.6105e-11
0.37,-1.8708e-11
0.38,-2.1687e-11
0.39,-2.5093e-11
0.4,-2.8977e-11
0.41,-3.3402e-11
0.42,-3.8433e-11
0.43,-4.4145e-11
0.44,-5.0621e-11
0.45,-5.7952e-11
0.46,-6.6238e-11
0.47,-7.5591e-11
0.48,-8.6133e-11
0.49,-9.8e-11
0.5,-1.1134e-10
0.51,-1.2632e-10
0.52,-1.4311e-10
0.53,-1.6191e-10
0.54,-1.8295e-10
0.55,-2.0645e-10
0.56,-2.3267e-10
0.57,-2.6189e-10
0.58,-2.9442e-10
0.59,-3.306e-10
0.6,-3.7078e-10
0.61,-4.1536e-10
0.62,-4.6477e-10
0.63,-5.1948e-10
0.64,-5.7999e-10
0.65,-6.4684e-10
0.66,-7.2063e-10
0.67,-8.0199e-10
0.68,-8.916e-10
0.69,-9.9021e-10
0.7,-1.0986e-09
0.71,-1.2177e-09
0.72,-1.3483e-09
0.73,-1.4914e-09
0.74,-1.6482e-09
0.75,-1.8197e-09
0.76,-2.0072e-09
0.77,-2.212e-09
0.78,-2.4353e-09
0.79,-2.6787e-09
0.8,-2.9439e-09
0.81,-3.2323e-09
0.82,-3.5458e-09
0.83,-3.8863e-09
0.84,-4.2557e-09
0.85,-4.6562e-09
0.86,-5.0899e-09
0.87,-5.5593e-09
0.88,-6.0667e-09
0.89,-6.6147e-09
0.9,-7.2062e-09
0.91,-7.8438e-09
0.92,-8.5307e-09
0.93,-9.2699e-09
0.94,-1.0065e-08
0.95,-1.0919e-08
0.96,-1.1835e-08
0.97,-1.2817e-08
0.98,-1.387e-08
0.99,-1.4996e-08
1,-1.6201e-08
1.01,-1.7487e-08
1.02,-1.886e-08
1.03,-2.0323e-08
1.04,-2.1882e-08
1.05,-2.354e-08
1.06,-2.5302e-08
1.07,-2.7173e-08
1.08,-2.9158e-08
1.09,-3.126e-08
1.1,-3.3485e-08
1.11,-3.5837e-08
1.12,-3.832e-08
1.13,-4.0938e-08
1.14,-4.3696e-08
1.15,-4.6598e-08
1.16,-4.9646e-08
1.17,-5.2844e-08
1.18,-5.6195e-08
1.19,-5.9701e-08
1.2,-6.3364e-08
1.21,-6.7184e-08
1.22,-7.1163e-08
1.23,-7.5299e-08
1.24,-7.9591e-08
1.25,-8.4037e-08
1.26,-8.8633e-08
1.27,-9.3374e-08
1.28,-9.8253e-08
1.29,-1.0326e-07
1.3,-1.0839e-07
1.31,-1.1363e-07
1.32,-1.1897e-07
1.33,-1.2438e-07
1.34,-1.2986e-07
1.35,-1.3537e-07
1.36,-1.409e-07
1.37,-1.4641e-07
1.38,-1.5188e-07
1.39,-1.5727e-07
1.4,-1.6253e-07
1.41,-1.6763e-07
1.42,-1.7252e-07
1.43,-1.7714e-07
1.44,-1.8143e-07
1.45,-1.8533e-07
1.46,-1.8877e-07
1.47,-1.9166e-07
1.48,-1.9391e-07
1.49,-1.9544e-07
1.5,-1.9614e-07
1.51,-1.959e-07
1.52,-1.946e-07
1.53,-1.921e-07
1.54,-1.8827e-07
1.55,-1.8294e-07
1.56,-1.7593e-07
1.57,-1.671e-07
1.58,-1.5625e-07
1.59,-1.4317e-07
1.6,-1.2763e-07
1.61,-1.0941e-07
1.62,-8.8247e-08
1.63,-6.387e-08
1.64,-3.599e-08
1.65,-4.2993e-09
1.66,3.1531e-08
1.67,7.1849e-08
1.68,1.1703e-07
1.69,1.6746e-07
1.7,2.2356e-07
1.71,2.8577e-07
1.72,3.5457e-07
1.73,4.3045e-07
1.74,5.1393e-07
1.75,6.0556e-07
1.76,7.0594e-07
1.77,8.1567e-07
1.78,9.354e-07
1.79,1.0658e-06
1.8,1.2076e-06
1.81,1.3615e-06
1.82,1.5284e-06
1.83,1.709e-06
1.84,1.9042e-06
1.85,2.115e-06
1.86,2.3421e-06
1.87,2.5867e-06
1.88,2.8498e-06
1.89,3.1324e-06
1.9,3.4356e-06
1.91,3.7605e-06
1.92,4.1084e-06
1.93,4.4806e-06
1.94,4.8782e-06
1.95,5.3027e-06
1.96,5.7553e-06
1.97,6.2376e-06
1.98,6.751e-06
1.99,7.297e-06
2,7.8771e-06
2.01,8.493e-06
2.02,9.1463e-06
2.03,9.8387e-06
2.04,1.0572e-05
2.05,1.1348e-05
2.06,1.2168e-05
2.07,1.3035e-05
2.08,1.3949e-05
2.09,1.4914e-05
2.1,1.593e-05
2.11,1.7001e-05
2.12,1.8128e-05
2.13,1.9312e-05
2.14,2.0557e-05
2.15,2.1864e-05
2.16,2.3235e-05
2.17,2.4672e-05
2.18,2.6178e-05
2.19,2.7754e-05
2.2,2.9402e-05
2.21,3.1125e-05
2.22,3.2925e-05
2.23,3.4803e-05
2.24,3.6762e-05
2.25,3.8803e-05
2.26,4.0928e-05
2.27,4.314e-05
2.28,4.544e-05
2.29,4.7829e-05
2.3,5.0309e-05
2.31,5.2882e-05
2.32,5.555e-05
2.33,5.8312e-05
2.34,6.1171e-05
2.35,6.4128e-05
2.36,6.7183e-05
2.37,7.0337e-05
2.38,7.3591e-05
2.39,7.6945e-05
2.4,8.0399e-05
2.41,8.3952e-05
2.42,8.7606e-05
2.43,9.1359e-05
2.44,9.521e-05
2.45,9.9158e-05
2.46,0.0001032
2.47,0.00010734
2.48,0.00011157
2.49,0.00011589
2.5,0.0001203
2.51,0.00012479
2.52,0.00012936
2.53,0.00013401
2.54,0.00013873
2.55,0.00014352
2.56,0.00014837
2.57,0.00015328
2.58,0.00015824
2.59,0.00016324
2.6,0.00016828
2.61,0.00017335
2.62,0.00017844
2.63,0.00018354
2.64,0.00018865
2.65,0.00019374
2.66,0.00019883
2.67,0.00020388
2.68,0.00020889
2.69,0.00021385
2.7,0.00021875
2.71,0.00022357
2.72,0.00022829
2.73,0.00023291
2.74,0.0002374
2.75,0.00024175
2.76,0.00024595
2.77,0.00024998
2.78,0.00025381
2.79,0.00025743
2.8,0.00026083
2.81,0.00026398
2.82,0.00026685
2.83,0.00026944
2.84,0.00027172
2.85,0.00027367
2.86,0.00027526
2.87,0.00027647
2.88,0.00027728
2.89,0.00027766
2.9,0.0002776
2.91,0.00027706
2.92,0.00027601
2.93,0.00027445
2.94,0.00027234
2.95,0.00026966
2.96,0.00026638
2.97,0.00026247
2.98,0.00025792
2.99,0.0002527
3,0.00024677
3.01,0.00024012
3.02,0.00023273
3.03,0.00022456
3.04,0.00021559
3.05,0.0002058
3.06,0.00019517
3.07,0.00018368
3.08,0.0001713
3.09,0.00015802
3.1,0.00014381
3.11,0.00012866
3.12,0.00011254
3.13,9.5449e-05
3.14,7.7364e-05
3.15,5.8274e-05
3.16,3.8167e-05
3.17,1.7032e-05
3.18,-5.1391e-06
3.19,-2.8353e-05
3.2,-5.2615e-05
3.21,-7.7928e-05
3.22,-0.00010429
3.23,-0.00013171
3.24,-0.00016017
3.25,-0.00018967
3.26,-0.0002202
3.27,-0.00025176
3.28,-0.00028432
3.29,-0.00031787
3.3,-0.0003524
3.31,-0.00038788
3.32,-0.00042428
3.33,-0.00046158
3.34,-0.00049974
3.35,-0.00053873
3.36,-0.00057851
3.37,-0.00061905
3.38,-0.00066029
3.39,-0.00070219
3.4,-0.0007447
3.41,-0.00078776
3.42,-0.00083132
3.43,-0.00087531
3.44,-0.00091968
3.45,-0.00096436
3.46,-0.0010093
3.47,-0.0010543
3.48,-0.0010995
3.49,-0.0011446
3.5,-0.0011897
3.51,-0.0012346
3.52,-0.0012792
3.53,-0.0013235
3.54,-0.0013673
3.55,-0.0014105
3.56,-0.0014531
3.57,-0.0014949
3.58,-0.0015359
3.59,-0.0015758
3.6,-0.0016147
3.61,-0.0016523
3.62,-0.0016886
3.63,-0.0017235
3.64,-0.0017567
3.65,-0.0017883
3.66,-0.001818
3.67,-0.0018457
3.68,-0.0018714
3.69,-0.0018948
3.7,-0.0019159
3.71,-0.0019346
3.72,-0.0019506
3.73,-0.0019639
3.74,-0.0019743
3.75,-0.0019817
3.76,-0.001986
3.77,-0.0019871
3.78,-0.0019847
3.79,-0.0019788
3.8,-0.0019694
3.81,-0.0019562
3.82,-0.0019392
3.83,-0.0019182
3.84,-0.0018932
3.85,-0.0018639
3.86,-0.0018304
3.87,-0.0017926
3.88,-0.0017502
3.89,-0.0017033
3.9,-0.0016518
3.91,-0.0015956
3.92,-0.0015347
3.93,-0.0014689
3.94,-0.0013983
3.95,-0.0013227
3.96,-0.0012422
3.97,-0.0011567
3.98,-0.0010663
3.99,-0.00097081
4,-0.00087037
4.01,-0.00076497
4.02,-0.00065464
4.03,-0.00053941
4.04,-0.00041933
4.05,-0.00029448
4.06,-0.00016493
4.07,-3.0762e-05
4.08,0.0001079
4.09,0.00025094
4.1,0.00039821
4.11,0.00054957
4.12,0.00070484
4.13,0.00086384
4.14,0.0010264
4.15,0.0011922
4.16,0.0013611
4.17,0.0015329
4.18,0.0017072
4.19,0.0018837
4.2,0.0020623
4.21,0.0022425
4.22,0.0024241
4.23,0.0026066
4.24,0.0027898
4.25,0.0029732
4.26,0.0031565
4.27,0.0033392
4.28,0.003521
4.29,0.0037015
4.3,0.0038801
4.31,0.0040564
4.32,0.00423
4.33,0.0044005
4.34,0.0045673
4.35,0.0047299
4.36,0.004888
4.37,0.005041
4.38,0.0051884
4.39,0.0053297
4.4,0.0054645
4.41,0.0055923
4.42,0.0057127
4.43,0.0058251
4.44,0.0059291
4.45,0.0060243
4.46,0.0061102
4.47,0.0061865
4.48,0.0062527
4.49,0.0063086
4.5,0.0063537
4.51,0.0063877
4.52,0.0064102
4.53,0.0064211
4.54,0.00642
4.55,0.0064069
4.56,0.0063816
4.57,0.0063438
4.58,0.0062935
4.59,0.0062305
4.6,0.0061549
4.61,0.0060666
4.62,0.0059655
4.63,0.0058519
4.64,0.0057257
4.65,0.0055871
4.66,0.0054363
4.67,0.0052734
4.68,0.0050986
4.69,0.0049123
4.7,0.0047148
4.71,0.0045063
4.72,0.0042872
4.73,0.0040579
4.74,0.0038189
4.75,0.0035705
4.76,0.0033133
4.77,0.0030476
4.78,0.0027741
4.79,0.0024931
4.8,0.0022053
4.81,0.0019112
4.82,0.0016114
4.83,0.0013063
4.84,0.00099668
4.85,0.000683
4.86,0.00036589
4.87,4.5941e-05
4.88,-0.00027625
4.89,-0.00060009
4.9,-0.00092498
4.91,-0.0012503
4.92,-0.0015755
4.93,-0.0019
4.94,-0.0022231
4.95,-0.0025444
4.96,-0.0028632
4.97,-0.003179
4.98,-0.0034913
4.99,-0.0037995
5,-0.0041031
5.01,-0.0044015
5.02,-0.0046943
5.03,-0.0049811
5.04,-0.0052612
5.05,-0.0055343
5.06,-0.0058
5.07,-0.0060577
5.08,-0.0063071
5.09,-0.0065478
5.1,-0.0067793
5.11,-0.0070013
5.12,-0.0072134
5.13,-0.0074152
5.14,-0.0076065
5.15,-0.0077868
5.16,-0.0079558
5.17,-0.0081133
5.18,-0.008259
5.19,-0.0083924
5.2,-0.0085135
5.21,-0.0086218
5.22,-0.0087172
5.23,-0.0087994
5.24,-0.0088682
5.25,-0.0089233
5.26,-0.0089646
5.27,-0.0089918
5.28,-0.0090048
5.29,-0.0090033
5.3,-0.0089874
5.31,-0.0089568
5.32,-0.0089113
5.33,-0.008851
5.34,-0.0087756
5.35,-0.0086852
5.36,-0.0085795
5.37,-0.0084586
5.38,-0.0083223
5.39,-0.0081708
5.4,-0.008004
5.41,-0.0078218
5.42,-0.0076244
5.43,-0.0074117
5.44,-0.0071839
5.45,-0.006941
5.46,-0.0066832
5.47,-0.0064106
5.48,-0.0061233
5.49,-0.0058217
5.5,-0.0055059
5.51,-0.0051762
5.52,-0.0048329
5.53,-0.0044762
5.54,-0.0041067
5.55,-0.0037246
5.56,-0.0033304
5.57,-0.0029246
5.58,-0.0025076
5.59,-0.0020801
5.6,-0.0016426
5.61,-0.0011958
5.62,-0.00074034
5.63,-0.00027697
5.64,0.00019352
5.65,0.00067032
5.66,0.0011525
5.67,0.0016393
5.68,0.0021296
5.69,0.0026225
5.7,0.0031169
5.71,0.0036118
5.72,0.0041061
5.73,0.0045985
5.74,0.0050879
5.75,0.0055732
5.76,0.006053
5.77,0.0065261
5.78,0.0069913
5.79,0.0074472
5.8,0.0078925
5.81,0.0083259
5.82,0.0087462
5.83,0.0091519
5.84,0.0095419
5.85,0.0099149
5.86,0.01027
5.87,0.010605
5.88,0.01092
5.89,0.011213
5.9,0.011483
5.91,0.01173
5.92,0.011951
5.93,0.012148
5.94,0.012318
5.95,0.012461
5.96,0.012577
5.97,0.012665
5.98,0.012724
5.99,0.012755
6,0.012757
6.01,0.012731
6.02,0.012675
6.03,0.012591
6.04,0.012478
6.05,0.012338
6.06,0.01217
6.07,0.011975
6.08,0.011753
6.09,0.011506
6.1,0.011234
6.11,0.010938
6.12,0.01062
6.13,0.010279
6.14,0.0099175
6.15,0.0095364
6.16,0.0091368
6.17,0.0087199
6.18,0.008287
6.19,0.0078394
6.2,0.0073783
6.21,0.0069051
6.22,0.0064211
6.23,0.0059276
6.24,0.0054258
6.25,0.004917
6.26,0.0044025
6.27,0.0038835
6.28,0.0033613
6.29,0.002837
6.3,0.0023117
6.31,0.0017865
6.32,0.0012626
6.33,0.00074092
6.34,0.00022252
6.35,-0.00029166
6.36,-0.0008007
6.37,-0.0013037
6.38,-0.0017999
6.39,-0.0022885
6.4,-0.0027687
6.41,-0.0032399
6.42,-0.0037013
6.43,-0.0041524
6.44,-0.0045926
6.45,-0.0050214
6.46,-0.0054382
6.47,-0.0058426
6.48,-0.0062343
6.49,-0.0066127
6.5,-0.0069775
6.51,-0.0073284
6.52,-0.0076652
6.53,-0.0079875
6.54,-0.0082951
6.55,-0.0085877
6.56,-0.0088652
6.57,-0.0091274
6.58,-0.009374
6.59,-0.009605
6.6,-0.0098203
6.61,-0.01002
6.62,-0.010203
6.63,-0.01037
6.64,-0.010521
6.65,-0.010656
6.66,-0.010774
6.67,-0.010877
6.68,-0.010962
6.69,-0.011032
6.7,-0.011085
6.71,-0.011121
6.72,-0.011142
6.73,-0.011145
6.74,-0.011133
6.75,-0.011104
6.76,-0.011059
6.77,-0.010998
6.78,-0.01092
6.79,-0.010826
6.8,-0.010717
6.81,-0.010591
6.82,-0.010449
6.83,-0.010292
6.84,-0.010119
6.85,-0.0099308
6.86,-0.009727
6.87,-0.0095079
6.88,-0.0092738
6.89,-0.0090248
6.9,-0.0087611
6.91,-0.0084829
6.92,-0.0081904
6.93,-0.0078839
6.94,-0.0075636
6.95,-0.0072298
6.96,-0.0068828
6.97,-0.0065229
6.98,-0.0061505
6.99,-0.0057659
7,-0.0053695
7.01,-0.0049617
7.02,-0.004543
7.03,-0.0041139
7.04,-0.0036749
7.05,-0.0032265
7.06,-0.0027694
7.07,-0.0023042
7.08,-0.0018315
7.09,-0.001352
7.1,-0.00086644
7.11,-0.0003756
7.12,0.00011974
7.13,0.00061877
7.14,0.0011206
7.15,0.0016244
7.16,0.0021292
7.17,0.0026341
7.18,0.003138
7.19,0.0036401
7.2,0.0041391
7.21,0.0046342
7.22,0.0051242
7.23,0.005608
7.24,0.0060845
7.25,0.0065525
7.26,0.007011
7.27,0.0074588
7.28,0.0078947
7.29,0.0083177
7.3,0.0087265
7.31,0.0091201
7.32,0.0094974
7.33,0.0098573
7.34,0.010199
7.35,0.010521
7.36,0.010822
7.37,0.011103
7.38,0.011361
7.39,0.011596
7.4,0.011808
7.41,0.011996
7.42,0.012158
7.43,0.012295
7.44,0.012406
7.45,0.012492
7.46,0.01255
7.47,0.012582
7.48,0.012588
7.49,0.012566
7.5,0.012519
7.51,0.012444
7.52,0.012344
7.53,0.012218
7.54,0.012066
7.55,0.011889
7.56,0.011689
7.57,0.011464
7.58,0.011217
7.59,0.010948
7.6,0.010658
7.61,0.010347
7.62,0.010017
7.63,0.0096683
7.64,0.0093025
7.65,0.0089204
7.66,0.0085231
7.67,0.0081117
7.68,0.0076874
7.69,0.0072514
7.7,0.0068046
7.71,0.0063483
7.72,0.0058836
7.73,0.0054116
7.74,0.0049334
7.75,0.0044501
7.76,0.0039627
7.77,0.0034724
7.78,0.0029801
7.79,0.0024867
7.8,0.0019934
7.81,0.0015009
7.82,0.0010102
7.83,0.00052218
7.84,3.7656e-05
7.85,-0.00044257
7.86,-0.00091775
7.87,-0.0013871
7.88,-0.00185
7.89,-0.0023058
7.9,-0.0027538
7.91,-0.0031935
7.92,-0.0036243
7.93,-0.0040457
7.94,-0.0044572
7.95,-0.0048583
7.96,-0.0052487
7.97,-0.0056279
7.98,-0.0059956
7.99,-0.0063515
8,-0.0066951
8.01,-0.0070263
8.02,-0.0073448
8.03,-0.0076502
8.04,-0.0079424
8.05,-0.0082212
8.06,-0.0084864
8.07,-0.0087377
8.08,-0.008975
8.09,-0.0091982
8.1,-0.0094071
8.11,-0.0096015
8.12,-0.0097814
8.13,-0.0099467
8.14,-0.010097
8.15,-0.010233
8.16,-0.010353
8.17,-0.010459
8.18,-0.01055
8.19,-0.010625
8.2,-0.010685
8.21,-0.01073
8.22,-0.01076
8.23,-0.010775
8.24,-0.010774
8.25,-0.010758
8.26,-0.010726
8.27,-0.01068
8.28,-0.010617
8.29,-0.01054
8.3,-0.010447
8.31,-0.01034
8.32,-0.010217
8.33,-0.010078
8.34,-0.009925
8.35,-0.0097567
8.36,-0.0095734
8.37,-0.0093753
8.38,-0.0091624
8.39,-0.0089349
8.4,-0.0086929
8.41,-0.0084366
8.42,-0.0081661
8.43,-0.0078816
8.44,-0.0075833
8.45,-0.0072714
8.46,-0.0069463
8.47,-0.006608
8.48,-0.006257
8.49,-0.0058936
8.5,-0.0055181
8.51,-0.0051308
8.52,-0.0047323
8.53,-0.0043229
8.54,-0.003903
8.55,-0.0034733
8.56,-0.0030343
8.57,-0.0025865
8.58,-0.0021306
8.59,-0.0016672
8.6,-0.001197
8.61,-0.00072082
8.62,-0.00023936
8.63,0.00024657
8.64,0.00073612
8.65,0.0012284
8.66,0.0017225
8.67,0.0022175
8.68,0.0027125
8.69,0.0032063
8.7,0.003698
8.71,0.0041864
8.72,0.0046706
8.73,0.0051493
8.74,0.0056215
8.75,0.006086
8.76,0.0065416
8.77,0.0069872
8.78,0.0074215
8.79,0.0078435
8.8,0.0082519
8.81,0.0086456
8.82,0.0090234
8.83,0.0093843
8.84,0.0097272
8.85,0.010051
8.86,0.010355
8.87,0.010638
8.88,0.010898
8.89,0.011137
8.9,0.011351
8.91,0.011542
8.92,0.011707
8.93,0.011848
8.94,0.011962
8.95,0.012051
8.96,0.012113
8.97,0.012148
8.98,0.012156
8.99,0.012138
9,0.012094
9.01,0.012022
9.02,0.011925
9.03,0.011802
9.04,0.011653
9.05,0.01148
9.06,0.011282
9.07,0.011061
9.08,0.010817
9.09,0.010551
9.1,0.010264
9.11,0.0099572
9.12,0.0096309
9.13,0.0092865
9.14,0.0089249
9.15,0.0085474
9.16,0.0081549
9.17,0.0077487
9.18,0.0073299
9.19,0.0068996
9.2,0.0064591
9.21,0.0060094
9.22,0.0055517
9.23,0.0050871
9.24,0.0046168
9.25,0.0041417
9.26,0.0036631
9.27,0.0031819
9.28,0.0026991
9.29,0.0022157
9.3,0.0017328
9.31,0.0012511
9.32,0.00077161
9.33,0.00029516
9.34,-0.00017742
9.35,-0.00064535
9.36,-0.0011079
9.37,-0.0015643
9.38,-0.002014
9.39,-0.0024563
9.4,-0.0028905
9.41,-0.0033162
9.42,-0.0037329
9.43,-0.0041399
9.44,-0.0045369
9.45,-0.0049234
9.46,-0.0052991
9.47,-0.0056636
9.48,-0.0060164
9.49,-0.0063574
9.5,-0.0066863
9.51,-0.0070027
9.52,-0.0073064
9.53,-0.0075971
9.54,-0.0078748
9.55,-0.0081392
9.56,-0.00839
9.57,-0.0086273
9.58,-0.0088507
9.59,-0.0090602
9.6,-0.0092556
9.61,-0.0094368
9.62,-0.0096038
9.63,-0.0097564
9.64,-0.0098946
9.65,-0.010018
9.66,-0.010127
9.67,-0.010222
9.68,-0.010301
9.69,-0.010366
9.7,-0.010416
9.71,-0.010452
9.72,-0.010472
9.73,-0.010478
9.74,-0.010468
9.75,-0.010444
9.76,-0.010405
9.77,-0.010352
9.78,-0.010283
9.79,-0.0102
9.8,-0.010102
9.81,-0.0099889
9.82,-0.0098614
9.83,-0.0097193
9.84,-0.0095626
9.85,-0.0093914
9.86,-0.0092059
9.87,-0.009006
9.88,-0.0087919
9.89,-0.0085638
9.9,-0.0083217
9.91,-0.0080658
9.92,-0.0077962
9.93,-0.0075133
9.94,-0.007217
9.95,-0.0069077
9.96,-0.0065857
9.97,-0.0062511
9.98,-0.0059042
9.99,-0.0055454
10,-0.005175
10.01,-0.0047934
10.02,-0.0044009
10.03,-0.003998
10.04,-0.0035852
10.05,-0.0031629
10.06,-0.0027317
10.07,-0.0022921
10.08,-0.0018448
10.09,-0.0013904
10.1,-0.00092962
10.11,-0.00046309
10.12,8.401e-06
10.13,0.00048407
10.14,0.0009631
10.15,0.0014446
10.16,0.0019278
10.17,0.0024116
10.18,0.0028952
10.19,0.0033775
10.2,0.0038575
10.21,0.0043342
10.22,0.0048065
10.23,0.0052733
10.24,0.0057336
10.25,0.006186
10.26,0.0066296
10.27,0.0070631
10.28,0.0074855
10.29,0.0078955
10.3,0.0082919
10.31,0.0086737
10.32,0.0090398
10.33,0.009389
10.34,0.0097202
10.35,0.010033
10.36,0.010325
10.37,0.010596
10.38,0.010846
10.39,0.011073
10.4,0.011277
10.41,0.011457
10.42,0.011612
10.43,0.011742
10.44,0.011847
10.45,0.011925
10.46,0.011977
10.47,0.012003
10.48,0.012003
10.49,0.011976
10.5,0.011922
10.51,0.011843
10.52,0.011737
10.53,0.011606
10.54,0.011451
10.55,0.01127
10.56,0.011066
10.57,0.010838
10.58,0.010588
10.59,0.010317
10.6,0.010024
10.61,0.0097124
10.62,0.0093817
10.63,0.0090332
10.64,0.0086681
10.65,0.0082874
10.66,0.0078923
10.67,0.0074839
10.68,0.0070634
10.69,0.0066319
10.7,0.0061906
10.71,0.0057406
10.72,0.0052831
10.73,0.0048193
10.74,0.0043501
10.75,0.0038768
10.76,0.0034004
10.77,0.0029219
10.78,0.0024424
10.79,0.0019627
10.8,0.0014839
10.81,0.001007
10.82,0.00053264
10.83,6.1825e-05
10.84,-0.00040467
10.85,-0.00086608
10.86,-0.0013217
10.87,-0.0017707
10.88,-0.0022127
10.89,-0.0026468
10.9,-0.0030726
10.91,-0.0034894
10.92,-0.0038969
10.93,-0.0042945
10.94,-0.0046818
10.95,-0.0050584
10.96,-0.0054239
10.97,-0.005778
10.98,-0.0061203
10.99,-0.0064507
11,-0.0067687
11.01,-0.0070743
11.02,-0.0073671
11.03,-0.007647
11.04,-0.0079137
11.05,-0.0081672
11.06,-0.0084073
11.07,-0.0086338
11.08,-0.0088467
11.09,-0.0090457
11.1,-0.0092309
11.11,-0.009402
11.12,-0.0095591
11.13,-0.0097021
11.14,-0.0098308
11.15,-0.0099453
11.16,-0.010045
11.17,-0.010131
11.18,-0.010203
11.19,-0.01026
11.2,-0.010302
11.21,-0.01033
11.22,-0.010344
11.23,-0.010343
11.24,-0.010328
11.25,-0.010298
11.26,-0.010253
11.27,-0.010194
11.28,-0.010121
11.29,-0.010033
11.3,-0.0099312
11.31,-0.0098147
11.32,-0.0096839
11.33,-0.0095387
11.34,-0.0093794
11.35,-0.0092058
11.36,-0.0090182
11.37,-0.0088165
11.38,-0.0086009
11.39,-0.0083715
11.4,-0.0081285
11.41,-0.0078718
11.42,-0.0076018
11.43,-0.0073185
11.44,-0.0070221
11.45,-0.0067129
11.46,-0.0063911
11.47,-0.0060569
11.48,-0.0057106
11.49,-0.0053525
11.5,-0.0049829
11.51,-0.0046022
11.52,-0.0042107
11.53,-0.0038089
11.54,-0.0033972
11.55,-0.0029761
11.56,-0.0025462
11.57,-0.0021079
11.58,-0.001662
11.59,-0.001209
11.6,-0.00074957
11.61,-0.00028447
11.62,0.00018558
11.63,0.00065978
11.64,0.0011373
11.65,0.0016174
11.66,0.002099
11.67,0.0025813
11.68,0.0030633
11.69,0.003544
11.7,0.0040225
11.71,0.0044975
11.72,0.0049682
11.73,0.0054333
11.74,0.0058917
11.75,0.0063423
11.76,0.006784
11.77,0.0072156
11.78,0.0076359
11.79,0.0080437
11.8,0.0084379
11.81,0.0088173
11.82,0.0091809
11.83,0.0095275
11.84,0.009856
11.85,0.010165
11.86,0.010455
11.87,0.010723
11.88,0.01097
11.89,0.011193
11.9,0.011393
11.91,0.011569
11.92,0.011721
11.93,0.011847
11.94,0.011947
11.95,0.012021
11.96,0.012069
11.97,0.01209
11.98,0.012085
11.99,0.012053
12,0.011994
12.01,0.01191
12.02,0.011799
12.03,0.011663
12.04,0.011501
12.05,0.011315
12.06,0.011105
12.07,0.010872
12.08,0.010617
12.09,0.01034
12.1,0.010042
12.11,0.0097248
12.12,0.0093887
12.13,0.009035
12.14,0.0086647
12.15,0.0082789
12.16,0.0078789
12.17,0.0074658
12.18,0.0070407
12.19,0.0066048
12.2,0.0061594
12.21,0.0057055
12.22,0.0052444
12.23,0.0047772
12.24,0.0043051
12.25,0.003829
12.26,0.0033502
12.27,0.0028696
12.28,0.0023883
12.29,0.0019072
12.3,0.0014274
12.31,0.00094965
12.32,0.00047495
12.33,4.1108e-06
12.34,-0.00046207
12.35,-0.00092282
12.36,-0.0013774
12.37,-0.0018252
12.38,-0.0022655
12.39,-0.0026977
12.4,-0.0031213
12.41,-0.0035357
12.42,-0.0039405
12.43,-0.0043352
12.44,-0.0047193
12.45,-0.0050926
12.46,-0.0054547
12.47,-0.0058052
12.48,-0.0061438
12.49,-0.0064704
12.5,-0.0067846
12.51,-0.0070863
12.52,-0.0073752
12.53,-0.0076513
12.54,-0.0079142
12.55,-0.008164
12.56,-0.0084005
12.57,-0.0086235
12.58,-0.008833
12.59,-0.0090288
12.6,-0.009211
12.61,-0.0093794
12.62,-0.0095339
12.63,-0.0096745
12.64,-0.0098012
12.65,-0.0099139
12.66,-0.010012
12.67,-0.010097
12.68,-0.010167
12.69,-0.010224
12.7,-0.010266
12.71,-0.010294
12.72,-0.010308
12.73,-0.010307
12.74,-0.010292
12.75,-0.010263
12.76,-0.01022
12.77,-0.010163
12.78,-0.010091
12.79,-0.010005
12.8,-0.0099046
12.81,-0.0097902
12.82,-0.0096614
12.83,-0.0095185
12.84,-0.0093614
12.85,-0.0091902
12.86,-0.0090049
12.87,-0.0088056
12.88,-0.0085923
12.89,-0.0083652
12.9,-0.0081242
12.91,-0.0078697
12.92,-0.0076016
12.93,-0.0073201
12.94,-0.0070254
12.95,-0.0067178
12.96,-0.0063973
12.97,-0.0060642
12.98,-0.0057189
12.99,-0.0053615
13,-0.0049924
13.01,-0.004612
13.02,-0.0042207
13.03,-0.0038188
13.04,-0.0034069
13.05,-0.0029854
13.06,-0.0025548
13.07,-0.0021159
13.08,-0.001669
13.09,-0.001215
13.1,-0.00075453
13.11,-0.00028825
13.12,0.00018304
13.13,0.00065854
13.14,0.0011374
13.15,0.0016188
13.16,0.0021017
13.17,0.0025853
13.18,0.0030685
13.19,0.0035504
13.2,0.0040299
13.21,0.004506
13.22,0.0049775
13.23,0.0054433
13.24,0.0059024
13.25,0.0063535
13.26,0.0067955
13.27,0.0072273
13.28,0.0076476
13.29,0.0080553
13.3,0.0084492
13.31,0.0088282
13.32,0.0091912
13.33,0.009537
13.34,0.0098646
13.35,0.010173
13.36,0.010461
13.37,0.010728
13.38,0.010973
13.39,0.011196
13.4,0.011394
13.41,0.011569
13.42,0.011718
13.43,0.011842
13.44,0.011941
13.45,0.012013
13.46,0.012059
13.47,0.012079
13.48,0.012071
13.49,0.012038
13.5,0.011978
13.51,0.011891
13.52,0.011779
13.53,0.011641
13.54,0.011478
13.55,0.011291
13.56,0.01108
13.57,0.010846
13.58,0.010589
13.59,0.010311
13.6,0.010013
13.61,0.009695
13.62,0.0093584
13.63,0.0090043
13.64,0.0086337
13.65,0.0082479
13.66,0.0078479
13.67,0.0074348
13.68,0.00701
13.69,0.0065745
13.7,0.0061295
13.71,0.0056762
13.72,0.0052157
13.73,0.0047493
13.74,0.0042779
13.75,0.0038027
13.76,0.0033249
13.77,0.0028453
13.78,0.002365
13.79,0.001885
13.8,0.0014063
13.81,0.00092978
13.82,0.00045627
13.83,-1.3375e-05
13.84,-0.00047834
13.85,-0.00093788
13.86,-0.0013913
13.87,-0.0018378
13.88,-0.0022769
13.89,-0.0027079
13.9,-0.0031302
13.91,-0.0035435
13.92,-0.003947
13.93,-0.0043405
13.94,-0.0047235
13.95,-0.0050956
13.96,-0.0054565
13.97,-0.0058058
13.98,-0.0061433
13.99,-0.0064688
14,-0.0067819
14.01,-0.0070825
14.02,-0.0073704
14.03,-0.0076454
14.04,-0.0079074
14.05,-0.0081562
14.06,-0.0083917
14.07,-0.0086138
14.08,-0.0088225
14.09,-0.0090175
14.1,-0.009199
14.11,-0.0093667
14.12,-0.0095206
14.13,-0.0096607
14.14,-0.009787
14.15,-0.0098993
14.16,-0.0099976
14.17,-0.010082
14.18,-0.010152
14.19,-0.010209
14.2,-0.010251
14.21,-0.010279
14.22,-0.010293
14.23,-0.010293
14.24,-0.010278
14.25,-0.01025
14.26,-0.010207
14.27,-0.01015
14.28,-0.010079
14.29,-0.009994
14.3,-0.0098946
14.31,-0.009781
14.32,-0.0096531
14.33,-0.0095111
14.34,-0.0093549
14.35,-0.0091845
14.36,-0.0090001
14.37,-0.0088017
14.38,-0.0085892
14.39,-0.0083629
14.4,-0.0081227
14.41,-0.0078689
14.42,-0.0076015
14.43,-0.0073206
14.44,-0.0070265
14.45,-0.0067194
14.46,-0.0063994
14.47,-0.0060667
14.48,-0.0057218
14.49,-0.0053647
14.5,-0.0049959
14.51,-0.0046158
14.52,-0.0042247
14.53,-0.003823
14.54,-0.0034112
14.55,-0.0029899
14.56,-0.0025595
14.57,-0.0021207
14.58,-0.0016741
14.59,-0.0012202
14.6,-0.00075992
14.61,-0.00029385
14.62,0.00017721
14.63,0.00065246
14.64,0.001131
14.65,0.0016121
14.66,0.0020947
14.67,0.0025779
14.68,0.0030608
14.69,0.0035423
14.7,0.0040214
14.71,0.004497
14.72,0.0049681
14.73,0.0054336
14.74,0.0058922
14.75,0.0063429
14.76,0.0067845
14.77,0.0072159
14.78,0.0076359
14.79,0.0080433
14.8,0.008437
14.81,0.0088158
14.82,0.0091786
14.83,0.0095243
14.84,0.009852
14.85,0.01016
14.86,0.010449
14.87,0.010716
14.88,0.010961
14.89,0.011184
14.9,0.011383
14.91,0.011558
14.92,0.011708
14.93,0.011833
14.94,0.011932
14.95,0.012006
14.96,0.012052
14.97,0.012073
14.98,0.012067
14.99,0.012034
15,0.011975
15.01,0.01189
15.02,0.011779
15.03,0.011643
15.04,0.011481
15.05,0.011295
15.06,0.011085
15.07,0.010853
15.08,0.010597
15.09,0.010321
15.1,0.010023
15.11,0.0097065
15.12,0.0093711
15.13,0.009018
15.14,0.0086484
15.15,0.0082634
15.16,0.0078641
15.17,0.0074518
15.18,0.0070275
15.19,0.0065924
15.2,0.0061478
15.21,0.0056948
15.22,0.0052344
15.23,0.004768
15.24,0.0042965
15.25,0.0038211
15.26,0.0033428
15.27,0.0028628
15.28,0.002382
15.29,0.0019014
15.3,0.0014219
15.31,0.00094453
15.32,0.00047011
15.33,-4.9809e-07
15.34,-0.00046648
15.35,-0.00092708
15.36,-0.0013816
15.37,-0.0018292
15.38,-0.0022694
15.39,-0.0027015
15.4,-0.003125
15.41,-0.0035393
15.42,-0.0039439
15.43,-0.0043384
15.44,-0.0047224
15.45,-0.0050954
15.46,-0.0054571
15.47,-0.0058072
15.48,-0.0061454
15.49,-0.0064715
15.5,-0.0067852
15.51,-0.0070862
15.52,-0.0073745
15.53,-0.0076497
15.54,-0.0079119
15.55,-0.0081609
15.56,-0.0083965
15.57,-0.0086186
15.58,-0.0088272
15.59,-0.0090221
15.6,-0.0092034
15.61,-0.0093708
15.62,-0.0095245
15.63,-0.0096643
15.64,-0.0097902
15.65,-0.0099022
15.66,-0.01
15.67,-0.010084
15.68,-0.010154
15.69,-0.01021
15.7,-0.010252
15.71,-0.01028
15.72,-0.010293
15.73,-0.010293
15.74,-0.010278
15.75,-0.01025
15.76,-0.010207
15.77,-0.01015
15.78,-0.010079
15.79,-0.0099933
15.8,-0.0098938
15.81,-0.0097802
15.82,-0.0096523
15.83,-0.0095104
15.84,-0.0093543
15.85,-0.0091841
15.86,-0.0089998
15.87,-0.0088015
15.88,-0.0085893
15.89,-0.0083631
15.9,-0.0081232
15.91,-0.0078697
15.92,-0.0076025
15.93,-0.007322
15.94,-0.0070282
15.95,-0.0067213
15.96,-0.0064017
15.97,-0.0060693
15.98,-0.0057247
15.99,-0.005368
16,-0.0049996
16.01,-0.0046197
16.02,-0.0042289
16.03,-0.0038276
16.04,-0.0034161
16.05,-0.0029951
16.06,-0.002565
16.07,-0.0021265
16.08,-0.00168
16.09,-0.0012264
16.1,-0.00076631
16.11,-0.00030041
16.12,0.00017051
16.13,0.00064564
16.14,0.0011241
16.15,0.0016052
16.16,0.0020877
16.17,0.002571
16.18,0.0030539
16.19,0.0035355
16.2,0.0040148
16.21,0.0044906
16.22,0.0049618
16.23,0.0054275
16.24,0.0058864
16.25,0.0063374
16.26,0.0067794
16.27,0.0072111
16.28,0.0076315
16.29,0.0080393
16.3,0.0084334
16.31,0.0088126
16.32,0.0091759
16.33,0.0095222
16.34,0.0098502
16.35,0.010159
16.36,0.010448
16.37,0.010716
16.38,0.010962
16.39,0.011185
16.4,0.011384
16.41,0.01156
16.42,0.01171
16.43,0.011835
16.44,0.011935
16.45,0.012008
16.46,0.012056
16.47,0.012076
16.48,0.012071
16.49,0.012038
16.5,0.011979
16.51,0.011894
16.52,0.011783
16.53,0.011647
16.54,0.011485
16.55,0.011299
16.56,0.01109
16.57,0.010857
16.58,0.010601
16.59,0.010324
16.6,0.010027
16.61,0.0097099
16.62,0.0093742
16.63,0.0090209
16.64,0.008651
16.65,0.0082658
16.66,0.0078663
16.67,0.0074537
16.68,0.0070292
16.69,0.0065939
16.7,0.006149
16.71,0.0056957
16.72,0.0052352
16.73,0.0047686
16.74,0.0042969
16.75,0.0038214
16.76,0.0033431
16.77,0.0028629
16.78,0.0023821
16.79,0.0019014
16.8,0.001422
16.81,0.00094463
16.82,0.00047028
16.83,-2.3735e-07
16.84,-0.00046611
16.85,-0.00092657
16.86,-0.0013809
16.87,-0.0018284
16.88,-0.0022684
16.89,-0.0027003
16.9,-0.0031235
16.91,-0.0035376
16.92,-0.003942
16.93,-0.0043363
16.94,-0.00472
16.95,-0.0050928
16.96,-0.0054544
16.97,-0.0058043
16.98,-0.0061424
16.99,-0.0064683
17,-0.0067818
17.01,-0.0070828
17.02,-0.007371
17.03,-0.0076462
17.04,-0.0079084
17.05,-0.0081573
17.06,-0.0083929
17.07,-0.0086151
17.08,-0.0088238
17.09,-0.0090188
17.1,-0.0092002
17.11,-0.0093678
17.12,-0.0095216
17.13,-0.0096616
17.14,-0.0097877
17.15,-0.0098998
17.16,-0.009998
17.17,-0.010082
17.18,-0.010152
17.19,-0.010209
17.2,-0.010251
17.21,-0.010279
17.22,-0.010292
17.23,-0.010292
17.24,-0.010278
17.25,-0.010249
17.26,-0.010206
17.27,-0.01015
17.28,-0.010079
17.29,-0.0099934
17.3,-0.009894
17.31,-0.0097804
17.32,-0.0096527
17.33,-0.0095108
17.34,-0.0093547
17.35,-0.0091846
17.36,-0.0090003
17.37,-0.0088021
17.38,-0.0085899
17.39,-0.0083638
17.4,-0.008124
17.41,-0.0078704
17.42,-0.0076033
17.43,-0.0073228
17.44,-0.0070291
17.45,-0.0067223
17.46,-0.0064027
17.47,-0.0060704
17.48,-0.0057258
17.49,-0.0053692
17.5,-0.0050008
17.51,-0.004621
17.52,-0.0042303
17.53,-0.003829
17.54,-0.0034176
17.55,-0.0029966
17.56,-0.0025665
17.57,-0.002128
17.58,-0.0016816
17.59,-0.001228
17.6,-0.00076785
17.61,-0.00030193
17.62,0.00016901
17.63,0.00064418
17.64,0.0011227
17.65,0.0016038
17.66,0.0020865
17.67,0.0025698
17.68,0.0030528
17.69,0.0035345
17.7,0.0040139
17.71,0.0044898
17.72,0.0049613
17.73,0.0054271
17.74,0.0058861
17.75,0.0063373
17.76,0.0067794
17.77,0.0072113
17.78,0.0076318
17.79,0.0080398
17.8,0.008434
17.81,0.0088134
17.82,0.0091768
17.83,0.0095232
17.84,0.0098514
17.85,0.01016
17.86,0.010449
17.87,0.010717
17.88,0.010963
17.89,0.011186
17.9,0.011386
17.91,0.011561
17.92,0.011712
17.93,0.011837
17.94,0.011937
17.95,0.01201
17.96,0.012057
17.97,0.012078
17.98,0.012072
17.99,0.01204
18,0.011981
18.01,0.011895
18.02,0.011784
18.03,0.011648
18.04,0.011486
18.05,0.0113
18.06,0.01109
18.07,0.010857
18.08,0.010602
18.09,0.010325
18.1,0.010027
18.11,0.0097098
18.12,0.0093739
18.13,0.0090205
18.14,0.0086505
18.15,0.0082652
18.16,0.0078656
18.17,0.0074529
18.18,0.0070283
18.19,0.0065929
18.2,0.006148
18.21,0.0056947
18.22,0.0052341
18.23,0.0047674
18.24,0.0042958
18.25,0.0038202
18.26,0.0033419
18.27,0.0028618
18.28,0.0023809
18.29,0.0019003
18.3,0.0014209
18.31,0.00094362
18.32,0.00046932
18.33,-1.1343e-06
18.34,-0.00046695
18.35,-0.00092734
18.36,-0.0013816
18.37,-0.001829
18.38,-0.002269
18.39,-0.0027008
18.4,-0.003124
18.41,-0.0035381
18.42,-0.0039424
18.43,-0.0043367
18.44,-0.0047204
18.45,-0.0050931
18.46,-0.0054546
18.47,-0.0058046
18.48,-0.0061426
18.49,-0.0064685
18.5,-0.0067821
18.51,-0.007083
18.52,-0.0073712
18.53,-0.0076465
18.54,-0.0079087
18.55,-0.0081576
18.56,-0.0083933
18.57,-0.0086154
18.58,-0.0088241
18.59,-0.0090192
18.6,-0.0092005
18.61,-0.0093682
18.62,-0.009522
18.63,-0.009662
18.64,-0.009788
18.65,-0.0099001
18.66,-0.0099983
18.67,-0.010082
18.68,-0.010153
18.69,-0.010209
18.7,-0.010251
18.71,-0.010278
18.72,-0.010292
18.73,-0.010292
18.74,-0.010277
18.75,-0.010249
18.76,-0.010206
18.77,-0.010149
18.78,-0.010078
18.79,-0.0099926
18.8,-0.0098931
18.81,-0.0097794
18.82,-0.0096516
18.83,-0.0095096
18.84,-0.0093534
18.85,-0.0091832
18.86,-0.0089989
18.87,-0.0088005
18.88,-0.0085883
18.89,-0.0083621
18.9,-0.0081222
18.91,-0.0078686
18.92,-0.0076015
18.93,-0.0073209
18.94,-0.0070271
18.95,-0.0067203
18.96,-0.0064006
18.97,-0.0060684
18.98,-0.0057238
18.99,-0.0053671
19,-0.0049987
19.01,-0.004619
19.02,-0.0042282
19.03,-0.003827
19.04,-0.0034156
19.05,-0.0029946
19.06,-0.0025646
19.07,-0.0021261
19.08,-0.0016797
19.09,-0.0012262
19.1,-0.00076611
19.11,-0.00030024
19.12,0.00017065
19.13,0.00064576
19.14,0.0011243
19.15,0.0016053
19.16,0.0020879
19.17,0.0025711
19.18,0.0030541
19.19,0.0035357
19.2,0.004015
19.21,0.0044909
19.22,0.0049623
19.23,0.005428
19.24,0.005887
19.25,0.0063381
19.26,0.0067801
19.27,0.007212
19.28,0.0076324
19.29,0.0080403
19.3,0.0084345
19.31,0.0088138
19.32,0.0091772
19.33,0.0095235
19.34,0.0098517
19.35,0.010161
19.36,0.01045
19.37,0.010717
19.38,0.010963
19.39,0.011186
19.4,0.011386
19.41,0.011561
19.42,0.011712
19.43,0.011837
19.44,0.011937
19.45,0.01201
19.46,0.012057
19.47,0.012078
19.48,0.012072
19.49,0.01204
19.5,0.011981
19.51,0.011896
19.52,0.011785
19.53,0.011648
19.54,0.011486
19.55,0.0113
19.56,0.01109
19.57,0.010857
19.58,0.010602
19.59,0.010325
19.6,0.010027
19.61,0.0097103
19.62,0.0093745
19.63,0.0090211
19.64,0.0086512
19.65,0.0082659
19.66,0.0078663
19.67,0.0074537
19.68,0.0070291
19.69,0.0065937
19.7,0.0061488
19.71,0.0056955
19.72,0.005235
19.73,0.0047683
19.74,0.0042967
19.75,0.0038211
19.76,0.0033428
19.77,0.0028626
19.78,0.0023818
19.79,0.0019011
19.8,0.0014217
19.81,0.00094433
19.82,0.00046998
19.83,-5.3505e-07
19.84,-0.00046641
19.85,-0.00092687
19.86,-0.0013812
19.87,-0.0018287
19.88,-0.0022687
19.89,-0.0027006
19.9,-0.0031239
19.91,-0.003538
19.92,-0.0039425
19.93,-0.0043368
19.94,-0.0047205
19.95,-0.0050934
19.96,-0.0054549
19.97,-0.0058049
19.98,-0.006143
19.99,-0.006469
20,-0.0067825
20.01,-0.0070835
20.02,-0.0073717
20.03,-0.007647
20.04,-0.0079092
20.05,-0.0081581
20.06,-0.0083937
20.07,-0.0086159
20.08,-0.0088245
20.09,-0.0090195
20.1,-0.0092008
20.11,-0.0093684
20.12,-0.0095221
20.13,-0.009662
20.14,-0.009788
20.15,-0.0099
20.16,-0.0099981
20.17,-0.010082
20.18,-0.010152
20.19,-0.010208
20.2,-0.01025
20.21,-0.010278
20.22,-0.010291
20.23,-0.010291
20.24,-0.010276
20.25,-0.010248
20.26,-0.010205
20.27,-0.010148
20.28,-0.010077
20.29,-0.0099911
20.3,-0.0098916
20.31,-0.0097779
20.32,-0.00965
20.33,-0.0095079
20.34,-0.0093518
20.35,-0.0091815
20.36,-0.0089972
20.37,-0.0087988
20.38,-0.0085866
20.39,-0.0083604
20.4,-0.0081205
20.41,-0.007867
20.42,-0.0075999
20.43,-0.0073194
20.44,-0.0070256
20.45,-0.0067188
20.46,-0.0063992
20.47,-0.006067
20.48,-0.0057225
20.49,-0.0053659
20.5,-0.0049975
20.51,-0.0046178
20.52,-0.0042272
20.53,-0.0038259
20.54,-0.0034146
20.55,-0.0029937
20.56,-0.0025637
20.57,-0.0021252
20.58,-0.0016789
20.59,-0.0012254
20.6,-0.00076532
20.61,-0.00029947
20.62,0.0001714
20.63,0.0006465
20.64,0.001125
20.65,0.001606
20.66,0.0020886
20.67,0.0025719
20.68,0.0030549
20.69,0.0035365
20.7,0.0040158
20.71,0.0044917
20.72,0.0049631
20.73,0.0054288
20.74,0.0058878
20.75,0.006339
20.76,0.006781
20.77,0.0072129
20.78,0.0076334
20.79,0.0080413
20.8,0.0084355
20.81,0.0088148
20.82,0.0091782
20.83,0.0095245
20.84,0.0098527
20.85,0.010162
20.86,0.010451
20.87,0.010718
20.88,0.010964
20.89,0.011187
20.9,0.011387
20.91,0.011562
20.92,0.011713
20.93,0.011838
20.94,0.011938
20.95,0.012011
20.96,0.012058
20.97,0.012079
20.98,0.012073
20.99,0.01204
21,0.011982
21.01,0.011896
21.02,0.011785
21.03,0.011649
21.04,0.011487
21.05,0.011301
21.06,0.011091
21.07,0.010858
21.08,0.010602
21.09,0.010325
21.1,0.010028
21.11,0.0097106
21.12,0.0093747
21.13,0.0090213
21.14,0.0086513
21.15,0.008266
21.16,0.0078664
21.17,0.0074536
21.18,0.007029
21.19,0.0065936
21.2,0.0061487
21.21,0.0056954
21.22,0.0052348
21.23,0.0047681
21.24,0.0042964
21.25,0.0038208
21.26,0.0033425
21.27,0.0028623
21.28,0.0023815
21.29,0.0019008
21.3,0.0014214
21.31,0.00094406
21.32,0.00046973
21.33,-7.6432e-07
21.34,-0.00046661
21.35,-0.00092704
21.36,-0.0013813
21.37,-0.0018288
21.38,-0.0022687
21.39,-0.0027006
21.4,-0.0031239
21.41,-0.0035379
21.42,-0.0039423
21.43,-0.0043365
21.44,-0.0047202
21.45,-0.005093
21.46,-0.0054545
21.47,-0.0058044
21.48,-0.0061425
21.49,-0.0064684
21.5,-0.0067819
21.51,-0.0070828
21.52,-0.007371
21.53,-0.0076462
21.54,-0.0079083
21.55,-0.0081572
21.56,-0.0083928
21.57,-0.0086149
21.58,-0.0088235
21.59,-0.0090184
21.6,-0.0091997
21.61,-0.0093673
21.62,-0.009521
21.63,-0.0096608
21.64,-0.0097868
21.65,-0.0098988
21.66,-0.0099969
21.67,-0.010081
21.68,-0.010151
21.69,-0.010207
21.7,-0.010249
21.71,-0.010276
21.72,-0.01029
21.73,-0.01029
21.74,-0.010275
21.75,-0.010246
21.76,-0.010203
21.77,-0.010146
21.78,-0.010075
21.79,-0.0099897
21.8,-0.0098901
21.81,-0.0097764
21.82,-0.0096484
21.83,-0.0095063
21.84,-0.0093501
21.85,-0.0091798
21.86,-0.0089954
21.87,-0.008797
21.88,-0.0085847
21.89,-0.0083585
21.9,-0.0081185
21.91,-0.0078648
21.92,-0.0075976
21.93,-0.0073171
21.94,-0.0070232
21.95,-0.0067164
21.96,-0.0063967
21.97,-0.0060644
21.98,-0.0057197
21.99,-0.005363
22,-0.0049946
22.01,-0.0046148
22.02,-0.004224
22.03,-0.0038227
22.04,-0.0034113
22.05,-0.0029903
22.06,-0.0025602
22.07,-0.0021217
22.08,-0.0016753
22.09,-0.0012217
22.1,-0.00076153
22.11,-0.00029561
22.12,0.00017533
22.13,0.00065051
22.14,0.0011291
22.15,0.0016101
22.16,0.0020928
22.17,0.0025762
22.18,0.0030592
22.19,0.0035409
22.2,0.0040203
22.21,0.0044962
22.22,0.0049677
22.23,0.0054335
22.24,0.0058926
22.25,0.0063438
22.26,0.0067859
22.27,0.0072179
22.28,0.0076384
22.29,0.0080464
22.3,0.0084407
22.31,0.0088201
22.32,0.0091836
22.33,0.00953
22.34,0.0098583
22.35,0.010167
22.36,0.010456
22.37,0.010724
22.38,0.01097
22.39,0.011194
22.4,0.011393
22.41,0.011569
22.42,0.011719
22.43,0.011845
22.44,0.011945
22.45,0.012018
22.46,0.012066
22.47,0.012086
22.48,0.012081
22.49,0.012048
22.5,0.01199
22.51,0.011905
22.52,0.011794
22.53,0.011657
22.54,0.011496
22.55,0.01131
22.56,0.0111
22.57,0.010867
22.58,0.010612
22.59,0.010335
22.6,0.010038
22.61,0.0097211
22.62,0.0093855
22.63,0.0090323
22.64,0.0086625
22.65,0.0082774
22.66,0.007878
22.67,0.0074655
22.68,0.0070411
22.69,0.0066059
22.7,0.0061612
22.71,0.0057081
22.72,0.0052477
22.73,0.0047812
22.74,0.0043098
22.75,0.0038344
22.76,0.0033562
22.77,0.0028763
22.78,0.0023956
22.79,0.0019152
22.8,0.0014359
22.81,0.00095879
22.82,0.00048464
22.83,1.4326e-05
22.84,-0.00045134
22.85,-0.00091159
22.86,-0.0013657
22.87,-0.001813
22.88,-0.0022528
22.89,-0.0026845
22.9,-0.0031076
22.91,-0.0035215
22.92,-0.0039257
22.93,-0.0043198
22.94,-0.0047033
22.95,-0.0050759
22.96,-0.0054373
22.97,-0.0057871
22.98,-0.0061249
22.99,-0.0064507
23,-0.006764
23.01,-0.0070648
23.02,-0.0073528
23.03,-0.0076279
23.04,-0.0078899
23.05,-0.0081386
23.06,-0.0083741
23.07,-0.008596
23.08,-0.0088045
23.09,-0.0089993
23.1,-0.0091805
23.11,-0.0093479
23.12,-0.0095015
23.13,-0.0096412
23.14,-0.0097671
23.15,-0.009879
23.16,-0.0099769
23.17,-0.010061
23.18,-0.010131
23.19,-0.010187
23.2,-0.010228
23.21,-0.010256
23.22,-0.01027
23.23,-0.010269
23.24,-0.010254
23.25,-0.010226
23.26,-0.010183
23.27,-0.010126
23.28,-0.010054
23.29,-0.0099689
23.3,-0.0098694
23.31,-0.0097556
23.32,-0.0096276
23.33,-0.0094855
23.34,-0.0093293
23.35,-0.009159
23.36,-0.0089747
23.37,-0.0087763
23.38,-0.008564
23.39,-0.0083378
23.4,-0.0080979
23.41,-0.0078443
23.42,-0.0075772
23.43,-0.0072966
23.44,-0.0070029
23.45,-0.0066961
23.46,-0.0063765
23.47,-0.0060443
23.48,-0.0056997
23.49,-0.0053431
23.5,-0.0049748
23.51,-0.0045951
23.52,-0.0042044
23.53,-0.0038032
23.54,-0.0033919
23.55,-0.0029711
23.56,-0.0025411
23.57,-0.0021027
23.58,-0.0016565
23.59,-0.001203
23.6,-0.00074303
23.61,-0.00027727
23.62,0.00019352
23.63,0.00066852
23.64,0.0011469
23.65,0.0016278
23.66,0.0021103
23.67,0.0025935
23.68,0.0030763
23.69,0.0035578
23.7,0.004037
23.71,0.0045128
23.72,0.004984
23.73,0.0054496
23.74,0.0059085
23.75,0.0063595
23.76,0.0068014
23.77,0.0072331
23.78,0.0076534
23.79,0.0080612
23.8,0.0084553
23.81,0.0088345
23.82,0.0091978
23.83,0.009544
23.84,0.009872
23.85,0.010181
23.86,0.01047
23.87,0.010737
23.88,0.010983
23.89,0.011206
23.9,0.011405
23.91,0.011581
23.92,0.011731
23.93,0.011856
23.94,0.011956
23.95,0.012029
23.96,0.012076
23.97,0.012097
23.98,0.012091
23.99,0.012058
24,0.011999
24.01,0.011914
24.02,0.011803
24.03,0.011666
24.04,0.011505
24.05,0.011318
24.06,0.011108
24.07,0.010875
24.08,0.01062
24.09,0.010342
24.1,0.010045
24.11,0.0097275
24.12,0.0093915
24.13,0.009038
24.14,0.0086679
24.15,0.0082824
24.16,0.0078827
24.17,0.0074699
24.18,0.0070451
24.19,0.0066096
24.2,0.0061645
24.21,0.005711
24.22,0.0052503
24.23,0.0047834
24.24,0.0043116
24.25,0.0038358
24.26,0.0033573
24.27,0.002877
24.28,0.0023959
24.29,0.0019151
24.3,0.0014354
24.31,0.00095788
24.32,0.00048334
24.33,1.2635e-05
24.34,-0.00045342
24.35,-0.00091407
24.36,-0.0013686
24.37,-0.0018162
24.38,-0.0022564
24.39,-0.0026885
24.4,-0.003112
24.41,-0.0035263
24.42,-0.0039308
24.43,-0.0043253
24.44,-0.0047092
24.45,-0.0050822
24.46,-0.0054439
24.47,-0.0057941
24.48,-0.0061323
24.49,-0.0064584
24.5,-0.0067721
24.51,-0.0070732
24.52,-0.0073616
24.53,-0.0076369
24.54,-0.0078992
24.55,-0.0081483
24.56,-0.008384
24.57,-0.0086063
24.58,-0.008815
24.59,-0.0090101
24.6,-0.0091915
24.61,-0.0093592
24.62,-0.009513
24.63,-0.009653
24.64,-0.0097791
24.65,-0.0098912
24.66,-0.0099893
24.67,-0.010073
24.68,-0.010143
24.69,-0.010199
24.7,-0.010241
24.71,-0.010269
24.72,-0.010283
24.73,-0.010282
24.74,-0.010268
24.75,-0.010239
24.76,-0.010196
24.77,-0.010139
24.78,-0.010068
24.79,-0.0099823
24.8,-0.0098826
24.81,-0.0097688
24.82,-0.0096408
24.83,-0.0094986
24.84,-0.0093423
24.85,-0.0091718
24.86,-0.0089873
24.87,-0.0087888
24.88,-0.0085763
24.89,-0.00835
24.9,-0.0081098
24.91,-0.007856
24.92,-0.0075886
24.93,-0.0073079
24.94,-0.0070138
24.95,-0.0067068
24.96,-0.0063868
24.97,-0.0060543
24.98,-0.0057094
24.99,-0.0053525
25,-0.0049838
25.01,-0.0046038
25.02,-0.0042128
25.03,-0.0038112
25.04,-0.0033995
25.05,-0.0029782
25.06,-0.0025478
25.07,-0.002109
25.08,-0.0016623
25.09,-0.0012084
25.1,-0.00074802
25.11,-0.0002818
25.12,0.00018944
25.13,0.00066491
25.14,0.0011438
25.15,0.0016251
25.16,0.0021081
25.17,0.0025918
25.18,0.0030751
25.19,0.0035571
25.2,0.0040368
25.21,0.004513
25.22,0.0049847
25.23,0.0054508
25.24,0.0059102
25.25,0.0063617
25.26,0.0068041
25.27,0.0072363
25.28,0.0076571
25.29,0.0080654
25.3,0.00846
25.31,0.0088397
25.32,0.0092034
25.33,0.0095501
25.34,0.0098786
25.35,0.010188
25.36,0.010477
25.37,0.010745
25.38,0.010992
25.39,0.011215
25.4,0.011415
25.41,0.011591
25.42,0.011741
25.43,0.011867
25.44,0.011967
25.45,0.012041
25.46,0.012088
25.47,0.012109
25.48,0.012103
25.49,0.012071
25.5,0.012013
25.51,0.011928
25.52,0.011817
25.53,0.011681
25.54,0.011519
25.55,0.011333
25.56,0.011124
25.57,0.010891
25.58,0.010635
25.59,0.010359
25.6,0.010061
25.61,0.0097441
25.62,0.0094084
25.63,0.009055
25.64,0.0086851
25.65,0.0082998
25.66,0.0079002
25.67,0.0074875
25.68,0.0070628
25.69,0.0066274
25.7,0.0061824
25.71,0.0057289
25.72,0.0052682
25.73,0.0048013
25.74,0.0043295
25.75,0.0038537
25.76,0.0033751
25.77,0.0028947
25.78,0.0024135
25.79,0.0019325
25.8,0.0014528
25.81,0.00097504
25.82,0.0005003
25.83,2.9379e-05
25.84,-0.00043692
25.85,-0.00089784
25.86,-0.0013526
25.87,-0.0018006
25.88,-0.0022411
25.89,-0.0026736
25.9,-0.0030974
25.91,-0.0035121
25.92,-0.0039171
25.93,-0.004312
25.94,-0.0046964
25.95,-0.0050699
25.96,-0.0054322
25.97,-0.0057828
25.98,-0.0061216
25.99,-0.0064483
26,-0.0067626
26.01,-0.0070643
26.02,-0.0073533
26.03,-0.0076293
26.04,-0.0078923
26.05,-0.008142
26.06,-0.0083784
26.07,-0.0086014
26.08,-0.0088109
26.09,-0.0090067
26.1,-0.0091889
26.11,-0.0093573
26.12,-0.0095119
26.13,-0.0096526
26.14,-0.0097795
26.15,-0.0098924
26.16,-0.0099913
26.17,-0.010076
26.18,-0.010147
26.19,-0.010204
26.2,-0.010247
26.21,-0.010275
26.22,-0.01029
26.23,-0.01029
26.24,-0.010276
26.25,-0.010248
26.26,-0.010206
26.27,-0.01015
26.28,-0.010079
26.29,-0.0099947
26.3,-0.0098959
26.31,-0.0097828
26.32,-0.0096555
26.33,-0.0095141
26.34,-0.0093585
26.35,-0.0091887
26.36,-0.009005
26.37,-0.0088071
26.38,-0.0085953
26.39,-0.0083696
26.4,-0.0081301
26.41,-0.0078769
26.42,-0.0076101
26.43,-0.0073299
26.44,-0.0070365
26.45,-0.00673
26.46,-0.0064105
26.47,-0.0060785
26.48,-0.0057341
26.49,-0.0053776
26.5,-0.0050094
26.51,-0.0046297
26.52,-0.0042391
26.53,-0.0038378
26.54,-0.0034265
26.55,-0.0030055
26.56,-0.0025754
26.57,-0.0021368
26.58,-0.0016903
26.59,-0.0012366
26.6,-0.00077634
26.61,-0.00031025
26.62,0.0001609
26.63,0.0006363
26.64,0.0011151
26.65,0.0015965
26.66,0.0020795
26.67,0.0025632
26.68,0.0030466
26.69,0.0035287
26.7,0.0040085
26.71,0.0044849
26.72,0.0049568
26.73,0.0054232
26.74,0.0058828
26.75,0.0063345
26.76,0.0067773
26.77,0.0072098
26.78,0.007631
26.79,0.0080396
26.8,0.0084346
26.81,0.0088147
26.82,0.0091789
26.83,0.009526
26.84,0.009855
26.85,0.010165
26.86,0.010455
26.87,0.010723
26.88,0.01097
26.89,0.011194
26.9,0.011395
26.91,0.011571
26.92,0.011723
26.93,0.011849
26.94,0.011949
26.95,0.012024
26.96,0.012072
26.97,0.012094
26.98,0.012089
26.99,0.012057
27,0.011999
27.01,0.011915
27.02,0.011805
27.03,0.01167
27.04,0.011509
27.05,0.011324
27.06,0.011115
27.07,0.010883
27.08,0.010628
27.09,0.010352
27.1,0.010056
27.11,0.0097396
27.12,0.0094047
27.13,0.0090522
27.14,0.0086831
27.15,0.0082986
27.16,0.0078998
27.17,0.0074879
27.18,0.0070641
27.19,0.0066295
27.2,0.0061853
27.21,0.0057326
27.22,0.0052727
27.23,0.0048066
27.24,0.0043356
27.25,0.0038606
27.26,0.0033827
27.27,0.0029031
27.28,0.0024227
27.29,0.0019424
27.3,0.0014634
27.31,0.00098638
27.32,0.00051234
27.33,4.2108e-05
27.34,-0.00042352
27.35,-0.00088377
27.36,-0.0013379
27.37,-0.0017853
27.38,-0.0022252
27.39,-0.0026571
27.4,-0.0030804
27.41,-0.0034945
27.42,-0.003899
27.43,-0.0042934
27.44,-0.0046773
27.45,-0.0050503
27.46,-0.0054121
27.47,-0.0057624
27.48,-0.0061008
27.49,-0.0064271
27.5,-0.0067411
27.51,-0.0070425
27.52,-0.0073312
27.53,-0.007607
27.54,-0.0078698
27.55,-0.0081193
27.56,-0.0083556
27.57,-0.0085784
27.58,-0.0087878
27.59,-0.0089836
27.6,-0.0091657
27.61,-0.0093341
27.62,-0.0094888
27.63,-0.0096296
27.64,-0.0097565
27.65,-0.0098695
27.66,-0.0099686
27.67,-0.010054
27.68,-0.010125
27.69,-0.010182
27.7,-0.010225
27.71,-0.010254
27.72,-0.010269
27.73,-0.010269
27.74,-0.010256
27.75,-0.010229
27.76,-0.010187
27.77,-0.010131
27.78,-0.010061
27.79,-0.0099772
27.8,-0.009879
27.81,-0.0097665
27.82,-0.0096399
27.83,-0.0094992
27.84,-0.0093443
27.85,-0.0091753
27.86,-0.0089923
27.87,-0.0087952
27.88,-0.0085842
27.89,-0.0083594
27.9,-0.0081207
27.91,-0.0078684
27.92,-0.0076025
27.93,-0.0073232
27.94,-0.0070306
27.95,-0.006725
27.96,-0.0064065
27.97,-0.0060755
27.98,-0.005732
27.99,-0.0053765
28,-0.0050092
28.01,-0.0046305
28.02,-0.0042408
28.03,-0.0038405
28.04,-0.00343
28.05,-0.00301
28.06,-0.0025808
28.07,-0.0021432
28.08,-0.0016976
28.09,-0.0012448
28.1,-0.00078536
28.11,-0.00032013
28.12,0.00015019
28.13,0.00062478
28.14,0.0011028
28.15,0.0015834
28.16,0.0020657
28.17,0.0025487
28.18,0.0030314
28.19,0.0035128
28.2,0.003992
28.21,0.0044678
28.22,0.0049392
28.23,0.005405
28.24,0.0058641
28.25,0.0063154
28.26,0.0067577
28.27,0.0071898
28.28,0.0076106
28.29,0.0080189
28.3,0.0084135
28.31,0.0087934
28.32,0.0091573
28.33,0.0095042
28.34,0.0098331
28.35,0.010143
28.36,0.010432
28.37,0.010701
28.38,0.010948
28.39,0.011172
28.4,0.011372
28.41,0.011549
28.42,0.0117
28.43,0.011827
28.44,0.011927
28.45,0.012002
28.46,0.01205
28.47,0.012072
28.48,0.012067
28.49,0.012036
28.5,0.011979
28.51,0.011895
28.52,0.011785
28.53,0.01165
28.54,0.01149
28.55,0.011305
28.56,0.011096
28.57,0.010865
28.58,0.010611
28.59,0.010335
28.6,0.010039
28.61,0.0097231
28.62,0.0093887
28.63,0.0090366
28.64,0.0086681
28.65,0.0082841
28.66,0.0078859
28.67,0.0074745
28.68,0.0070512
28.69,0.0066172
28.7,0.0061736
28.71,0.0057215
28.72,0.0052622
28.73,0.0047967
28.74,0.0043262
28.75,0.0038518
28.76,0.0033746
28.77,0.0028956
28.78,0.0024158
28.79,0.0019362
28.8,0.0014578
28.81,0.00098142
28.82,0.00050802
28.83,3.8428e-05
28.84,-0.00042656
28.85,-0.00088617
28.86,-0.0013397
28.87,-0.0017864
28.88,-0.0022257
28.89,-0.0026569
28.9,-0.0030795
28.91,-0.003493
28.92,-0.0038969
28.93,-0.0042907
28.94,-0.004674
28.95,-0.0050464
28.96,-0.0054076
28.97,-0.0057572
28.98,-0.0060951
28.99,-0.0064208
29,-0.0067342
29.01,-0.0070351
29.02,-0.0073233
29.03,-0.0075985
29.04,-0.0078608
29.05,-0.0081099
29.06,-0.0083457
29.07,-0.0085681
29.08,-0.008777
29.09,-0.0089724
29.1,-0.0091541
29.11,-0.0093222
29.12,-0.0094765
29.13,-0.009617
29.14,-0.0097437
29.15,-0.0098565
29.16,-0.0099554
29.17,-0.01004
29.18,-0.010111
29.19,-0.010168
29.2,-0.010211
29.21,-0.01024
29.22,-0.010255
29.23,-0.010256
29.24,-0.010242
29.25,-0.010215
29.26,-0.010173
29.27,-0.010118
29.28,-0.010048
29.29,-0.0099641
29.3,-0.0098661
29.31,-0.0097539
29.32,-0.0096276
29.33,-0.0094872
29.34,-0.0093326
29.35,-0.009164
29.36,-0.0089814
29.37,-0.0087848
29.38,-0.0085742
29.39,-0.0083498
29.4,-0.0081116
29.41,-0.0078598
29.42,-0.0075944
29.43,-0.0073157
29.44,-0.0070237
29.45,-0.0067186
29.46,-0.0064007
29.47,-0.0060702
29.48,-0.0057273
29.49,-0.0053724
29.5,-0.0050057
29.51,-0.0046276
29.52,-0.0042385
29.53,-0.0038388
29.54,-0.003429
29.55,-0.0030096
29.56,-0.0025811
29.57,-0.002144
29.58,-0.0016991
29.59,-0.0012468
29.6,-0.00078804
29.61,-0.0003234
29.62,0.00014632
29.63,0.00062034
29.64,0.0010978
29.65,0.0015778
29.66,0.0020596
29.67,0.002542
29.68,0.0030242
29.69,0.0035052
29.7,0.0039839
29.71,0.0044592
29.72,0.0049301
29.73,0.0053955
29.74,0.0058542
29.75,0.0063051
29.76,0.006747
29.77,0.0071788
29.78,0.0075993
29.79,0.0080073
29.8,0.0084016
29.81,0.0087812
29.82,0.0091449
29.83,0.0094916
29.84,0
29.85,0
29.86,0
29.87,0
29.88,0
29.89,0
29.9,0
29.91,0
29.92,0
29.93,0
29.94,0
29.95,0
29.96,-4.996e-17
29.97,-2.0539e-16
29.98,-6.7168e-16
29.99,-1.4211e-15
30,-2.6479e-15
